{
  "id": "1983148",
  "name": "电动星球",
  "font_family": "iconfont",
  "css_prefix_text": "icon",
  "description": "",
  "glyphs": [
    {
      "icon_id": "15946046",
      "name": "通知",
      "font_class": "tongzhi",
      "unicode": "e751",
      "unicode_decimal": 59217
    },
    {
      "icon_id": "13150535",
      "name": "微博",
      "font_class": "weibo",
      "unicode": "e600",
      "unicode_decimal": 58880
    },
    {
      "icon_id": "19738985",
      "name": "信息",
      "font_class": "xinxi",
      "unicode": "f18c",
      "unicode_decimal": 61836
    },
    {
      "icon_id": "19738986",
      "name": "发现",
      "font_class": "faxian",
      "unicode": "f18d",
      "unicode_decimal": 61837
    },
    {
      "icon_id": "19738987",
      "name": "日期",
      "font_class": "riqi",
      "unicode": "f18e",
      "unicode_decimal": 61838
    },
    {
      "icon_id": "19738988",
      "name": "分类",
      "font_class": "fenlei",
      "unicode": "f18f",
      "unicode_decimal": 61839
    },
    {
      "icon_id": "19738989",
      "name": "闹钟",
      "font_class": "naozhong",
      "unicode": "f190",
      "unicode_decimal": 61840
    },
    {
      "icon_id": "19738990",
      "name": "钱包",
      "font_class": "qianbao",
      "unicode": "f191",
      "unicode_decimal": 61841
    },
    {
      "icon_id": "19738991",
      "name": "设置",
      "font_class": "shezhi",
      "unicode": "f192",
      "unicode_decimal": 61842
    },
    {
      "icon_id": "19738992",
      "name": "编写",
      "font_class": "bianxie",
      "unicode": "f193",
      "unicode_decimal": 61843
    },
    {
      "icon_id": "19738993",
      "name": "标签",
      "font_class": "biaoqian",
      "unicode": "f194",
      "unicode_decimal": 61844
    },
    {
      "icon_id": "19738994",
      "name": "审核",
      "font_class": "shenhe",
      "unicode": "f195",
      "unicode_decimal": 61845
    },
    {
      "icon_id": "19738995",
      "name": "书签",
      "font_class": "shuqian",
      "unicode": "f196",
      "unicode_decimal": 61846
    },
    {
      "icon_id": "19738996",
      "name": "编辑",
      "font_class": "bianji",
      "unicode": "f197",
      "unicode_decimal": 61847
    },
    {
      "icon_id": "19738997",
      "name": "拍照",
      "font_class": "paizhao",
      "unicode": "f198",
      "unicode_decimal": 61848
    },
    {
      "icon_id": "19738998",
      "name": "全选",
      "font_class": "quanxuan",
      "unicode": "f199",
      "unicode_decimal": 61849
    },
    {
      "icon_id": "19738999",
      "name": "删除",
      "font_class": "shanchu",
      "unicode": "f19a",
      "unicode_decimal": 61850
    },
    {
      "icon_id": "19739000",
      "name": "文件",
      "font_class": "wenjian",
      "unicode": "f19b",
      "unicode_decimal": 61851
    },
    {
      "icon_id": "19739001",
      "name": "店铺",
      "font_class": "dianpu",
      "unicode": "f19c",
      "unicode_decimal": 61852
    },
    {
      "icon_id": "19739002",
      "name": "定位",
      "font_class": "dingwei",
      "unicode": "f19d",
      "unicode_decimal": 61853
    },
    {
      "icon_id": "19739003",
      "name": "耳机",
      "font_class": "erji",
      "unicode": "f19e",
      "unicode_decimal": 61854
    },
    {
      "icon_id": "19739004",
      "name": "语音",
      "font_class": "yuyin",
      "unicode": "f19f",
      "unicode_decimal": 61855
    },
    {
      "icon_id": "19739005",
      "name": "资讯",
      "font_class": "zixun",
      "unicode": "f1a0",
      "unicode_decimal": 61856
    },
    {
      "icon_id": "19739006",
      "name": "概率",
      "font_class": "gaishuai",
      "unicode": "f1a1",
      "unicode_decimal": 61857
    },
    {
      "icon_id": "19739007",
      "name": "礼品",
      "font_class": "lipin",
      "unicode": "f1a2",
      "unicode_decimal": 61858
    },
    {
      "icon_id": "19739008",
      "name": "消息",
      "font_class": "xiaoxi",
      "unicode": "f1a3",
      "unicode_decimal": 61859
    },
    {
      "icon_id": "19739009",
      "name": "资料",
      "font_class": "ziliao",
      "unicode": "f1a4",
      "unicode_decimal": 61860
    },
    {
      "icon_id": "19739010",
      "name": "付款",
      "font_class": "fukuan",
      "unicode": "f1a5",
      "unicode_decimal": 61861
    },
    {
      "icon_id": "19739011",
      "name": "复制",
      "font_class": "fuzhi",
      "unicode": "f1a6",
      "unicode_decimal": 61862
    },
    {
      "icon_id": "19739012",
      "name": "首页",
      "font_class": "shouye",
      "unicode": "f1a7",
      "unicode_decimal": 61863
    },
    {
      "icon_id": "19739013",
      "name": "下载",
      "font_class": "xiazai",
      "unicode": "f1a8",
      "unicode_decimal": 61864
    },
    {
      "icon_id": "19739014",
      "name": "上传",
      "font_class": "shangchuan",
      "unicode": "f1a9",
      "unicode_decimal": 61865
    },
    {
      "icon_id": "19739015",
      "name": "保存",
      "font_class": "baocun",
      "unicode": "f1aa",
      "unicode_decimal": 61866
    },
    {
      "icon_id": "19739016",
      "name": "打印",
      "font_class": "dayin",
      "unicode": "f1ab",
      "unicode_decimal": 61867
    },
    {
      "icon_id": "19739017",
      "name": "订单",
      "font_class": "dingdan",
      "unicode": "f1ac",
      "unicode_decimal": 61868
    },
    {
      "icon_id": "19739018",
      "name": "聊天",
      "font_class": "liaotian",
      "unicode": "f1ad",
      "unicode_decimal": 61869
    },
    {
      "icon_id": "19739019",
      "name": "视频",
      "font_class": "shipin",
      "unicode": "f1ae",
      "unicode_decimal": 61870
    },
    {
      "icon_id": "19739020",
      "name": "图片",
      "font_class": "tupian",
      "unicode": "f1af",
      "unicode_decimal": 61871
    },
    {
      "icon_id": "11878174",
      "name": "微信",
      "font_class": "weixin",
      "unicode": "e612",
      "unicode_decimal": 58898
    },
    {
      "icon_id": "6665573",
      "name": "资讯动态",
      "font_class": "airudiantubiaohuizhi-zhuanqu_zixundongtai",
      "unicode": "e69d",
      "unicode_decimal": 59037
    },
    {
      "icon_id": "16198686",
      "name": "星球",
      "font_class": "xingqiu",
      "unicode": "e674",
      "unicode_decimal": 58996
    },
    {
      "icon_id": "16451271",
      "name": "笔记",
      "font_class": "biji",
      "unicode": "e635",
      "unicode_decimal": 58933
    },
    {
      "icon_id": "6345965",
      "name": "ellipsis",
      "font_class": "ellipsis",
      "unicode": "e608",
      "unicode_decimal": 58888
    },
    {
      "icon_id": "5589026",
      "name": "edit",
      "font_class": "edit",
      "unicode": "e62b",
      "unicode_decimal": 58923
    },
    {
      "icon_id": "792199",
      "name": "X",
      "font_class": "x",
      "unicode": "e611",
      "unicode_decimal": 58897
    },
    {
      "icon_id": "16299962",
      "name": "denglu-weixin",
      "font_class": "denglu-weixin",
      "unicode": "e673",
      "unicode_decimal": 58995
    },
    {
      "icon_id": "16298656",
      "name": "wenzhang-shipin",
      "font_class": "wenzhang-shipin",
      "unicode": "e66f",
      "unicode_decimal": 58991
    },
    {
      "icon_id": "16298657",
      "name": "shouye-jiantou",
      "font_class": "shouye-jiantou",
      "unicode": "e670",
      "unicode_decimal": 58992
    },
    {
      "icon_id": "16298658",
      "name": "shouue-sousuo",
      "font_class": "shouue-sousuo",
      "unicode": "e671",
      "unicode_decimal": 58993
    },
    {
      "icon_id": "16298659",
      "name": "fabu-xiala",
      "font_class": "fabu-xiala",
      "unicode": "e672",
      "unicode_decimal": 58994
    },
    {
      "icon_id": "16298289",
      "name": "denglu-mima",
      "font_class": "denglu-mima",
      "unicode": "e64b",
      "unicode_decimal": 58955
    },
    {
      "icon_id": "16298290",
      "name": "fabu-shipin",
      "font_class": "fabu-shipin",
      "unicode": "e64c",
      "unicode_decimal": 58956
    },
    {
      "icon_id": "16298291",
      "name": "wode-bianji",
      "font_class": "wode-bianji",
      "unicode": "e64d",
      "unicode_decimal": 58957
    },
    {
      "icon_id": "16298292",
      "name": "wode-weixuanzhong",
      "font_class": "wode-weixuanzhong",
      "unicode": "e64e",
      "unicode_decimal": 58958
    },
    {
      "icon_id": "16298293",
      "name": "wode-xuanze",
      "font_class": "wode-xuanze",
      "unicode": "e64f",
      "unicode_decimal": 58959
    },
    {
      "icon_id": "16298294",
      "name": "xinxi-pinglun",
      "font_class": "xinxi-pinglun",
      "unicode": "e650",
      "unicode_decimal": 58960
    },
    {
      "icon_id": "16298295",
      "name": "xinxi-zan",
      "font_class": "xinxi-zan",
      "unicode": "e651",
      "unicode_decimal": 58961
    },
    {
      "icon_id": "16298296",
      "name": "denglu-dianhua",
      "font_class": "denglu-dianhua",
      "unicode": "e652",
      "unicode_decimal": 58962
    },
    {
      "icon_id": "16298297",
      "name": "xinxi-quan",
      "font_class": "xinxi-quan",
      "unicode": "e653",
      "unicode_decimal": 58963
    },
    {
      "icon_id": "16298298",
      "name": "nav-dark",
      "font_class": "nav-dark",
      "unicode": "e654",
      "unicode_decimal": 58964
    },
    {
      "icon_id": "16298299",
      "name": "xinxi-fensi",
      "font_class": "xinxi-fensi",
      "unicode": "e655",
      "unicode_decimal": 58965
    },
    {
      "icon_id": "16298300",
      "name": "fabu-fenxiang",
      "font_class": "fabu-fenxiang",
      "unicode": "e656",
      "unicode_decimal": 58966
    },
    {
      "icon_id": "16298301",
      "name": "fabu-lianjie",
      "font_class": "fabu-lianjie",
      "unicode": "e657",
      "unicode_decimal": 58967
    },
    {
      "icon_id": "16298302",
      "name": "fabu-shipin2",
      "font_class": "fabu-shipin2",
      "unicode": "e658",
      "unicode_decimal": 58968
    },
    {
      "icon_id": "16298303",
      "name": "nav",
      "font_class": "nav",
      "unicode": "e659",
      "unicode_decimal": 58969
    },
    {
      "icon_id": "16298304",
      "name": "fabu-paizhao",
      "font_class": "fabu-paizhao",
      "unicode": "e65a",
      "unicode_decimal": 58970
    },
    {
      "icon_id": "16298305",
      "name": "fabu-tupian",
      "font_class": "fabu-tupian",
      "unicode": "e65b",
      "unicode_decimal": 58971
    },
    {
      "icon_id": "16298306",
      "name": "fabu-biaoqing",
      "font_class": "fabu-biaoqing",
      "unicode": "e65c",
      "unicode_decimal": 58972
    },
    {
      "icon_id": "16298307",
      "name": "fabu-xingqiu",
      "font_class": "fabu-xingqiu",
      "unicode": "e65d",
      "unicode_decimal": 58973
    },
    {
      "icon_id": "16298308",
      "name": "fenxiang-fenxiang",
      "font_class": "fenxiang-fenxiang",
      "unicode": "e65e",
      "unicode_decimal": 58974
    },
    {
      "icon_id": "16298309",
      "name": "wenzhang-zhuanfa",
      "font_class": "wenzhang-zhuanfa",
      "unicode": "e65f",
      "unicode_decimal": 58975
    },
    {
      "icon_id": "16298310",
      "name": "fenxiang-baocun",
      "font_class": "fenxiang-baocun",
      "unicode": "e660",
      "unicode_decimal": 58976
    },
    {
      "icon_id": "16298311",
      "name": "wenzhang-shoucang",
      "font_class": "wenzhang-shoucang",
      "unicode": "e661",
      "unicode_decimal": 58977
    },
    {
      "icon_id": "16298312",
      "name": "wenzhang-zhankai",
      "font_class": "wenzhang-zhankai",
      "unicode": "e662",
      "unicode_decimal": 58978
    },
    {
      "icon_id": "16298313",
      "name": "pignlun-zan",
      "font_class": "pignlun-zan",
      "unicode": "e663",
      "unicode_decimal": 58979
    },
    {
      "icon_id": "16298314",
      "name": "tab-tianjia",
      "font_class": "tab-tianjia",
      "unicode": "e664",
      "unicode_decimal": 58980
    },
    {
      "icon_id": "16298315",
      "name": "tab-shouye-wode",
      "font_class": "tab-shouye-wode",
      "unicode": "e665",
      "unicode_decimal": 58981
    },
    {
      "icon_id": "16298316",
      "name": "tab-shouye-xinxi",
      "font_class": "tab-shouye-xinxi",
      "unicode": "e666",
      "unicode_decimal": 58982
    },
    {
      "icon_id": "16298317",
      "name": "tab-shouye-home",
      "font_class": "tab-shouye-home",
      "unicode": "e667",
      "unicode_decimal": 58983
    },
    {
      "icon_id": "16298318",
      "name": "zhuanfa",
      "font_class": "zhuanfa",
      "unicode": "e668",
      "unicode_decimal": 58984
    },
    {
      "icon_id": "16298319",
      "name": "tab-shouye-xingqiu",
      "font_class": "tab-shouye-xingqiu",
      "unicode": "e669",
      "unicode_decimal": 58985
    },
    {
      "icon_id": "16298320",
      "name": "pinglun",
      "font_class": "pinglun",
      "unicode": "e66a",
      "unicode_decimal": 58986
    },
    {
      "icon_id": "16298321",
      "name": "shouye-huati",
      "font_class": "shouye-huati",
      "unicode": "e66b",
      "unicode_decimal": 58987
    },
    {
      "icon_id": "16298322",
      "name": "zan",
      "font_class": "zan",
      "unicode": "e66c",
      "unicode_decimal": 58988
    },
    {
      "icon_id": "16298323",
      "name": "shouye-remen",
      "font_class": "shouye-remen",
      "unicode": "e66d",
      "unicode_decimal": 58989
    },
    {
      "icon_id": "16298324",
      "name": "shouye-xingqiu2",
      "font_class": "shouye-xingqiu2",
      "unicode": "e66e",
      "unicode_decimal": 58990
    }
  ]
}
